fid,left,top,right,bottom,cars_and_taxis_mean,spatial_mean,car_count_final,Area_of_cell,mixed_use_area_per_cell,landuse_simplified
1,382181.7767,402134.6219,382681.7767,401634.6219,,0,0,250197.5868,0,
2,382181.7767,401634.6219,382681.7767,401134.6219,,0,0,250197.5867,0,
3,382181.7767,401134.6219,382681.7767,400634.6219,,0,0,250197.5868,46657.617,Mixed Use
4,382181.7767,400634.6219,382681.7767,400134.6219,,1846.440476,1846.440476,250197.5867,92.511,Mixed Use
5,382181.7767,400134.6219,382681.7767,399634.6219,,1846.440476,1846.440476,250197.5867,0,
6,382181.7767,399634.6219,382681.7767,399134.6219,,1846.440476,1846.440476,250197.5867,0,
7,382181.7767,399134.6219,382681.7767,398634.6219,,1515.64881,1515.64881,250197.5867,0,
8,382181.7767,398634.6219,382681.7767,398134.6219,,7194.14646,7194.14646,250197.5867,14973.168,Mixed Use
9,382181.7767,398134.6219,382681.7767,397634.6219,33157.42857,12986.16548,33157.42857,250197.5867,1139.556,Mixed Use
10,382181.7767,397634.6219,382681.7767,397134.6219,,16559.70424,16559.70424,250197.5867,39642.728,Mixed Use
11,382181.7767,397134.6219,382681.7767,396634.6219,23470.83333,12085.07312,23470.83333,250197.5868,20654.949,Mixed Use
12,382181.7767,396634.6219,382681.7767,396134.6219,,5327.137179,5327.137179,250197.5867,18021.153,Mixed Use
13,382181.7767,396134.6219,382681.7767,395634.6219,,1334.316667,1334.316667,250197.5867,189027.698,Mixed Use
14,382181.7767,395634.6219,382681.7767,395134.6219,,278.3375,278.3375,250197.5867,54467.033,Mixed Use
15,382181.7767,395134.6219,382681.7767,394634.6219,103.5,222.4625,103.5,250197.5867,9020.331,Mixed Use
16,382181.7767,394634.6219,382681.7767,394134.6219,1313,65.3125,1313,250197.5867,0,
17,382181.7767,394134.6219,382681.7767,393634.6219,,229.4375,229.4375,250197.5867,0,
18,382681.7767,402134.6219,383181.7767,401634.6219,,0,0,250197.6931,0,
19,382681.7767,401634.6219,383181.7767,401134.6219,,0,0,250197.6932,9052.553,Mixed Use
20,382681.7767,401134.6219,383181.7767,400634.6219,,0,0,250197.6931,7046.963,Mixed Use
21,382681.7767,400634.6219,383181.7767,400134.6219,,1846.440476,1846.440476,250197.6931,0,
22,382681.7767,400134.6219,383181.7767,399634.6219,,1846.440476,1846.440476,250197.6932,1200.949,Mixed Use
23,382681.7767,399634.6219,383181.7767,399134.6219,,1846.440476,1846.440476,250197.6931,3109.059,Mixed Use
24,382681.7767,399134.6219,383181.7767,398634.6219,,2391.404762,2391.404762,250197.6932,7397.995,Mixed Use
25,382681.7767,398634.6219,383181.7767,398134.6219,12125.19048,7812.423414,12125.19048,250197.6931,12699.55,Mixed Use
26,382681.7767,398134.6219,383181.7767,397634.6219,12270.55263,15597.02497,12270.55263,250197.6931,21975.35,Mixed Use
27,382681.7767,397634.6219,383181.7767,397134.6219,32916.53968,15805.7939,32916.53968,250197.6932,33506.666,Mixed Use
28,382681.7767,397134.6219,383181.7767,396634.6219,8471.730769,13157.76922,8471.730769,250197.6931,0,
29,382681.7767,396634.6219,383181.7767,396134.6219,9864.333333,5223.859575,9864.333333,250197.6931,0,
30,382681.7767,396134.6219,383181.7767,395634.6219,,1334.316667,1334.316667,250197.6931,45782.218,Mixed Use
31,382681.7767,395634.6219,383181.7767,395134.6219,466.7,55.875,466.7,250197.6931,2703.282,Mixed Use
32,382681.7767,395134.6219,383181.7767,394634.6219,,287.775,287.775,250197.6932,14698.468,Mixed Use
33,382681.7767,394634.6219,383181.7767,394134.6219,,229.4375,229.4375,250197.693,26420.876,Mixed Use
34,382681.7767,394134.6219,383181.7767,393634.6219,,229.4375,229.4375,250197.6931,0,
35,383181.7767,402134.6219,383681.7767,401634.6219,,1761.579545,1761.579545,250197.7965,0,
36,383181.7767,401634.6219,383681.7767,401134.6219,,2011.204545,2011.204545,250197.7965,21724.74,Mixed Use
37,383181.7767,401134.6219,383681.7767,400634.6219,,3213.5625,3213.5625,250197.7964,92.511,Mixed Use
38,383181.7767,400634.6219,383681.7767,400134.6219,,3321.923431,3321.923431,250197.7965,0,
39,383181.7767,400134.6219,383681.7767,399634.6219,14771.52381,4181.585227,14771.52381,250197.7964,50129.028,Mixed Use
40,383181.7767,399634.6219,383681.7767,399134.6219,,6957.644465,6957.644465,250197.7965,26315.681,Mixed Use
41,383181.7767,399134.6219,383681.7767,398634.6219,,8379.78092,8379.78092,250197.7964,13800.52,Mixed Use
42,383181.7767,398634.6219,383681.7767,398134.6219,7006.047619,8362.763858,7006.047619,250197.7965,74410.307,Mixed Use
43,383181.7767,398134.6219,383681.7767,397634.6219,10065.35849,14619.75306,10065.35849,250197.7965,148402.645,Mixed Use
44,383181.7767,397634.6219,383681.7767,397134.6219,29505.63492,14663.55808,29505.63492,250197.7964,15565.565,Mixed Use
45,383181.7767,397134.6219,383681.7767,396634.6219,9504.8125,14558.73638,9504.8125,250197.7965,0,
46,383181.7767,396634.6219,383681.7767,396134.6219,,7018.395667,7018.395667,250197.7965,6427.772,Mixed Use
47,383181.7767,396134.6219,383681.7767,395634.6219,343.5,1291.379167,343.5,250197.7965,5305.878,Mixed Use
48,383181.7767,395634.6219,383681.7767,395134.6219,,4603.905952,4603.905952,250197.7964,12387.495,Mixed Use
49,383181.7767,395134.6219,383681.7767,394634.6219,,4613.343452,4613.343452,250197.7964,0,
50,383181.7767,394634.6219,383681.7767,394134.6219,419,4502.630952,419,250197.7965,0,
51,383181.7767,394134.6219,383681.7767,393634.6219,,4719.130952,4719.130952,250197.7964,0,
52,383681.7767,402134.6219,384181.7767,401634.6219,,1800.454545,1800.454545,250197.8967,13210.451,Mixed Use
53,383681.7767,401634.6219,384181.7767,401134.6219,13904.63636,335.5,13904.63636,250197.8967,11989.191,Mixed Use
54,383681.7767,401134.6219,384181.7767,400634.6219,2185,3015.846591,2185,250197.8967,2625.794,Mixed Use
55,383681.7767,400634.6219,384181.7767,400134.6219,9618.863636,4384.926948,9618.863636,250197.8967,37154.404,Mixed Use
56,383681.7767,400134.6219,384181.7767,399634.6219,,8646.845509,8646.845509,250197.8967,52796.219,Mixed Use
57,383681.7767,399634.6219,384181.7767,399134.6219,23833.81818,8200.375525,23833.81818,250197.8967,36083.178,Mixed Use
58,383681.7767,399134.6219,384181.7767,398634.6219,17055.81373,7419.223422,17055.81373,250197.8968,25139.742,Mixed Use
59,383681.7767,398634.6219,384181.7767,398134.6219,7017.377358,8330.266232,7017.377358,250197.8967,162137.984,Mixed Use
60,383681.7767,398134.6219,384181.7767,397634.6219,8367.818182,13116.14792,8367.818182,250197.8967,129410.021,Mixed Use
61,383681.7767,397634.6219,384181.7767,397134.6219,7748.863636,17343.14655,7748.863636,250197.8967,51218.615,Mixed Use
62,383681.7767,397134.6219,384181.7767,396634.6219,27962.78873,11827.48205,27962.78873,250197.8967,34186.95,Mixed Use
63,383681.7767,396634.6219,384181.7767,396134.6219,,6639.432009,6639.432009,250197.8967,0,
64,383681.7767,396134.6219,384181.7767,395634.6219,,421.2272727,421.2272727,250197.8967,4384.563,Mixed Use
65,383681.7767,395634.6219,384181.7767,395134.6219,,4923.858225,4923.858225,250197.8968,145893.037,Mixed Use
66,383681.7767,395134.6219,384181.7767,394634.6219,36021.04762,430.6647727,36021.04762,250197.8967,58995.79,Mixed Use
67,383681.7767,394634.6219,384181.7767,394134.6219,,4621.443452,4621.443452,250197.8967,0,
68,383681.7767,394134.6219,384181.7767,393634.6219,,4621.443452,4621.443452,250197.8967,0,
69,384181.7767,402134.6219,384681.7767,401634.6219,188,2297.204545,188,250197.994,0,
70,384181.7767,401634.6219,384681.7767,401134.6219,311,2527.579545,311,250197.9939,30044.064,Mixed Use
71,384181.7767,401134.6219,384681.7767,400634.6219,,5618.608496,5618.608496,250197.9939,36490.754,Mixed Use
72,384181.7767,400634.6219,384681.7767,400134.6219,292.2727273,5963.94724,292.2727273,250197.9939,24457.46,Mixed Use
73,384181.7767,400134.6219,384681.7767,399634.6219,17830.61905,6831.214556,17830.61905,250197.9939,22625.468,Mixed Use
74,384181.7767,399634.6219,384681.7767,399134.6219,2827.666667,12426.35081,2827.666667,250197.9939,8613.619,Mixed Use
75,384181.7767,399134.6219,384681.7767,398634.6219,13117.38095,13671.29339,13117.38095,250197.9939,100653.564,Mixed Use
76,384181.7767,398634.6219,384681.7767,398134.6219,5551.496599,14852.47239,5551.496599,250197.9939,152238.644,Mixed Use
77,384181.7767,398134.6219,384681.7767,397634.6219,5478.214286,15273.53773,5478.214286,250197.9939,113317.655,Mixed Use
78,384181.7767,397634.6219,384681.7767,397134.6219,32556.19048,12114.3244,32556.19048,250197.9939,32265.541,Mixed Use
79,384181.7767,397134.6219,384681.7767,396634.6219,15304.35484,10702.6748,15304.35484,250197.9939,4066.842,Mixed Use
80,384181.7767,396634.6219,384681.7767,396134.6219,,6448.733855,6448.733855,250197.9939,3202.535,Mixed Use
81,384181.7767,396134.6219,384681.7767,395634.6219,,1418.630682,1418.630682,250197.9939,24858.966,Mixed Use
82,384181.7767,395634.6219,384681.7767,395134.6219,3026.318182,5709.846861,3026.318182,250197.9939,146584.149,Mixed Use
83,384181.7767,395134.6219,384681.7767,394634.6219,,5047.795725,5047.795725,250197.9939,73542.169,Mixed Use
84,384181.7767,394634.6219,384681.7767,394134.6219,,6182.074405,6182.074405,250197.9939,0,
85,384181.7767,394134.6219,384681.7767,393634.6219,531.5,1665.380952,531.5,250197.9939,0,
86,384681.7767,402134.6219,385181.7767,401634.6219,,2320.704545,2320.704545,250198.0881,0,
87,384681.7767,401634.6219,385181.7767,401134.6219,3943,89.75,3943,250198.088,0,
88,384681.7767,401134.6219,385181.7767,400634.6219,,2405.045996,2405.045996,250198.088,4770.333,Mixed Use
89,384681.7767,400634.6219,385181.7767,400134.6219,14694.09524,4466.45671,14694.09524,250198.0881,284.932,Mixed Use
90,384681.7767,400134.6219,385181.7767,399634.6219,3383,6290.176948,3383,250198.0881,0,
91,384681.7767,399634.6219,385181.7767,399134.6219,,9503.200397,9503.200397,250198.088,161.471,Mixed Use
92,384681.7767,399134.6219,385181.7767,398634.6219,24190.1746,6355.193027,24190.1746,250198.088,93509.435,Mixed Use
93,384681.7767,398634.6219,385181.7767,398134.6219,28894,10236.98122,28894,250198.088,72457.91,Mixed Use
94,384681.7767,398134.6219,385181.7767,397634.6219,14699,16424.15347,14699,250198.0881,29354.763,Mixed Use
95,384681.7767,397634.6219,385181.7767,397134.6219,17353.55556,15029.28357,17353.55556,250198.088,19249.337,Mixed Use
96,384681.7767,397134.6219,385181.7767,396634.6219,,12360.9124,12360.9124,250198.0881,0,
97,384681.7767,396634.6219,385181.7767,396134.6219,,6459.920708,6459.920708,250198.088,0,
98,384681.7767,396134.6219,385181.7767,395634.6219,8322.727273,3408.920455,8322.727273,250198.088,7111.33,Mixed Use
99,384681.7767,395634.6219,385181.7767,395134.6219,,6064.685606,6064.685606,250198.088,136884.126,Mixed Use
100,384681.7767,395134.6219,385181.7767,394634.6219,1335,2948.185606,1335,250198.088,88119.769,Mixed Use
101,384681.7767,394634.6219,385181.7767,394134.6219,,3395.651786,3395.651786,250198.088,0,
102,384681.7767,394134.6219,385181.7767,393634.6219,11569.04762,458.9375,11569.04762,250198.088,0,
103,385181.7767,402134.6219,385681.7767,401634.6219,219,2894.125,219,250198.1791,0,
104,385181.7767,401634.6219,385681.7767,401134.6219,,2882.625,2882.625,250198.1791,0,
105,385181.7767,401134.6219,385681.7767,400634.6219,,5685.536905,5685.536905,250198.1791,0,
106,385181.7767,400634.6219,385681.7767,400134.6219,,6911.42381,6911.42381,250198.1791,0,
107,385181.7767,400134.6219,385681.7767,399634.6219,14225.7619,5189.578571,14225.7619,250198.1791,0,
108,385181.7767,399634.6219,385681.7767,399134.6219,451,7304.47123,451,250198.1791,0,
109,385181.7767,399134.6219,385681.7767,398634.6219,,8234.381944,8234.381944,250198.1791,0,
110,385181.7767,398634.6219,385681.7767,398134.6219,,12505.31597,12505.31597,250198.1791,17532.288,Mixed Use
111,385181.7767,398134.6219,385681.7767,397634.6219,18859.58333,14453.62661,18859.58333,250198.179,32449.917,Mixed Use
112,385181.7767,397634.6219,385681.7767,397134.6219,22700.1875,11877.46776,22700.1875,250198.1792,15100.568,Mixed Use
113,385181.7767,397134.6219,385681.7767,396634.6219,10636.7381,10868.18352,10636.7381,250198.1791,4165.474,Mixed Use
114,385181.7767,396634.6219,385681.7767,396134.6219,336.2727273,8626.638095,336.2727273,250198.1791,915.849,Mixed Use
115,385181.7767,396134.6219,385681.7767,395634.6219,17079.27273,5663.004167,17079.27273,250198.1791,20336.52,Mixed Use
116,385181.7767,395634.6219,385681.7767,395134.6219,6829.5,6835.590476,6829.5,250198.1791,34616.445,Mixed Use
117,385181.7767,395134.6219,385681.7767,394634.6219,11924.66667,2424.330357,11924.66667,250198.1791,33270.823,Mixed Use
118,385181.7767,394634.6219,385681.7767,394134.6219,1805,3973.788149,1805,250198.1791,36301.455,Mixed Use
119,385181.7767,394134.6219,385681.7767,393634.6219,,4098.975649,4098.975649,250198.1791,10147.341,Mixed Use
120,385681.7767,402134.6219,386181.7767,401634.6219,,4715.115385,4715.115385,250198.2671,5003.965,Mixed Use
121,385681.7767,401634.6219,386181.7767,401134.6219,18899,520.1153846,18899,250198.2671,0,
122,385681.7767,401134.6219,386181.7767,400634.6219,,3848.640385,3848.640385,250198.2671,0,
123,385681.7767,400634.6219,386181.7767,400134.6219,7948.2,6338.803571,7948.2,250198.2671,0,
124,385681.7767,400134.6219,386181.7767,399634.6219,15040.33333,5508.661905,15040.33333,250198.267,0,
125,385681.7767,399634.6219,386181.7767,399134.6219,,6594.741071,6594.741071,250198.2671,0,
126,385681.7767,399134.6219,386181.7767,398634.6219,1596.5,1569.797619,1596.5,250198.2671,0,
127,385681.7767,398634.6219,386181.7767,398134.6219,10743.38095,3101.56471,10743.38095,250198.2671,4314.582,Mixed Use
128,385681.7767,398134.6219,386181.7767,397634.6219,1059.888889,9472.337155,1059.888889,250198.2671,0,
129,385681.7767,397634.6219,386181.7767,397134.6219,20179,8427.614933,20179,250198.267,7905.455,Mixed Use
130,385681.7767,397134.6219,386181.7767,396634.6219,12231.97619,8499.584314,12231.97619,250198.2671,3503.644,Mixed Use
131,385681.7767,396634.6219,386181.7767,396134.6219,14144.47619,7712.322348,14144.47619,250198.2671,0,
132,385681.7767,396134.6219,386181.7767,395634.6219,6597.914286,9293.681277,6597.914286,250198.267,18693.578,Mixed Use
133,385681.7767,395634.6219,386181.7767,395134.6219,9073.142857,10853.94004,9073.142857,250198.2671,95387.692,Mixed Use
134,385681.7767,395134.6219,386181.7767,394634.6219,352,7358.008929,352,250198.2671,4637.169,Mixed Use
135,385681.7767,394634.6219,386181.7767,394134.6219,,4731.579816,4731.579816,250198.267,664.992,Mixed Use
136,385681.7767,394134.6219,386181.7767,393634.6219,6609.590909,3410.641369,6609.590909,250198.267,37989.534,Mixed Use
137,386181.7767,402134.6219,386681.7767,401634.6219,,5577.465385,5577.465385,250198.352,44144.196,Mixed Use
138,386181.7767,401634.6219,386681.7767,401134.6219,3941.923077,3702.125,3941.923077,250198.352,0,
139,386181.7767,401134.6219,386681.7767,400634.6219,,4120.057051,4120.057051,250198.352,0,
140,386181.7767,400634.6219,386681.7767,400134.6219,,5825.525,5825.525,250198.352,0,
141,386181.7767,400134.6219,386681.7767,399634.6219,21444.33333,3144.983333,21444.33333,250198.352,0,
142,386181.7767,399634.6219,386681.7767,399134.6219,,7730.1875,7730.1875,250198.3519,0,
143,386181.7767,399134.6219,386681.7767,398634.6219,,4683.026786,4683.026786,250198.352,0,
144,386181.7767,398634.6219,386681.7767,398134.6219,1364,4886.581079,1364,250198.3519,0,
145,386181.7767,398134.6219,386681.7767,397634.6219,1932.545455,4168.28373,1932.545455,250198.352,0,
146,386181.7767,397634.6219,386681.7767,397134.6219,,4425.426317,4425.426317,250198.3519,0,
147,386181.7767,397134.6219,386681.7767,396634.6219,,7886.008929,7886.008929,250198.352,0,
148,386181.7767,396634.6219,386681.7767,396134.6219,,10000.34048,10000.34048,250198.352,0,
149,386181.7767,396134.6219,386681.7767,395634.6219,14816.40476,10813.46845,14816.40476,250198.352,8783.435,Mixed Use
150,386181.7767,395634.6219,386681.7767,395134.6219,12070.38095,10352.18292,12070.38095,250198.352,133247.12,Mixed Use
151,386181.7767,395134.6219,386681.7767,394634.6219,17161.38095,5079.101376,17161.38095,250198.3519,9733.927,Mixed Use
152,386181.7767,394634.6219,386681.7767,394134.6219,,4896.141014,4896.141014,250198.352,0,
153,386181.7767,394134.6219,386681.7767,393634.6219,,6568.548566,6568.548566,250198.352,758.465,Mixed Use
154,386681.7767,402134.6219,387181.7767,401634.6219,10718,4134.402885,10718,250198.4338,0,
155,386681.7767,401634.6219,387181.7767,401134.6219,,3215.090385,3215.090385,250198.4338,0,
156,386681.7767,401134.6219,387181.7767,400634.6219,,2146.757051,2146.757051,250198.4338,14511.514,Mixed Use
157,386681.7767,400634.6219,387181.7767,400134.6219,2171.333333,3921.614583,2171.333333,250198.4339,0,
158,386681.7767,400134.6219,387181.7767,399634.6219,,4193.03125,4193.03125,250198.4338,0,
159,386681.7767,399634.6219,387181.7767,399134.6219,,6891.65625,6891.65625,250198.4338,0,
160,386681.7767,399134.6219,387181.7767,398634.6219,23760.33333,170.5,23760.33333,250198.4338,0,
161,386681.7767,398634.6219,387181.7767,398134.6219,,6113.919372,6113.919372,250198.4338,0,
162,386681.7767,398134.6219,387181.7767,397634.6219,,3143.877706,3143.877706,250198.4338,0,
163,386681.7767,397634.6219,387181.7767,397134.6219,,5449.462933,5449.462933,250198.4338,7228.961,Mixed Use
164,386681.7767,397134.6219,387181.7767,396634.6219,,4542.662608,4542.662608,250198.4338,3152.368,Mixed Use
165,386681.7767,396634.6219,387181.7767,396134.6219,16532.61905,6288.052489,16532.61905,250198.4338,0,
166,386681.7767,396134.6219,387181.7767,395634.6219,15679.33333,6978.660714,15679.33333,250198.4338,63.387,Mixed Use
167,386681.7767,395634.6219,387181.7767,395134.6219,12409.88095,8306.863281,12409.88095,250198.4338,113869.941,Mixed Use
168,386681.7767,395134.6219,387181.7767,394634.6219,6727.40625,5205.205357,6727.40625,250198.4338,80131.741,Mixed Use
169,386681.7767,394634.6219,387181.7767,394134.6219,,6583.275484,6583.275484,250198.4338,14052.245,Mixed Use
170,386681.7767,394134.6219,387181.7767,393634.6219,8318.75,5528.704816,8318.75,250198.4338,16073.785,Mixed Use
171,387181.7767,402134.6219,387681.7767,401634.6219,,5474.152885,5474.152885,250198.5126,0,
172,387181.7767,401634.6219,387681.7767,401134.6219,11060.8,3598.8125,11060.8,250198.5126,0,
173,387181.7767,401134.6219,387681.7767,400634.6219,,2672.204167,2672.204167,250198.5126,0,
174,387181.7767,400634.6219,387681.7767,400134.6219,,1832.427083,1832.427083,250198.5125,0,
175,387181.7767,400134.6219,387681.7767,399634.6219,9928.583333,591.3541667,9928.583333,250198.5126,0,
176,387181.7767,399634.6219,387681.7767,399134.6219,,4479.569129,4479.569129,250198.5126,0,
177,387181.7767,399134.6219,387681.7767,398634.6219,,4166.963603,4166.963603,250198.5126,14049.032,Mixed Use
178,387181.7767,398634.6219,387681.7767,398134.6219,,6898.773127,6898.773127,250198.5126,1965.715,Mixed Use
179,387181.7767,398134.6219,387681.7767,397634.6219,21854.47619,1161.217391,21854.47619,250198.5126,14411.435,Mixed Use
180,387181.7767,397634.6219,387681.7767,397134.6219,,5207.894751,5207.894751,250198.5125,784.945,Mixed Use
181,387181.7767,397134.6219,387681.7767,396634.6219,19808.68182,4646.154762,19808.68182,250198.5125,9672.203,Mixed Use
182,387181.7767,396634.6219,387681.7767,396134.6219,,9082.156656,9082.156656,250198.5125,18692.873,Mixed Use
183,387181.7767,396134.6219,387681.7767,395634.6219,,8157.306548,8157.306548,250198.5126,775.089,Mixed Use
184,387181.7767,395634.6219,387681.7767,395134.6219,,4734.077567,4734.077567,250198.5126,114233.604,Mixed Use
185,387181.7767,395134.6219,387681.7767,394634.6219,,2774.1609,2774.1609,250198.5126,101340.353,Mixed Use
186,387181.7767,394634.6219,387681.7767,394134.6219,,5882.602865,5882.602865,250198.5126,78175.211,Mixed Use
187,387181.7767,394134.6219,387681.7767,393634.6219,20458.66667,2484.34375,20458.66667,250198.5125,44748.246,Mixed Use
188,387681.7767,402134.6219,388181.7767,401634.6219,10624.5,5272.463095,10624.5,250198.5882,0,
189,387681.7767,401634.6219,388181.7767,401134.6219,7448,2710.6625,7448,250198.5883,0,
190,387681.7767,401134.6219,388181.7767,400634.6219,,3151.4125,3151.4125,250198.5883,0,
191,387681.7767,400634.6219,388181.7767,400134.6219,697.5,2224.447917,697.5,250198.5882,13217.092,Mixed Use
192,387681.7767,400134.6219,388181.7767,399634.6219,1862,2078.885417,1862,250198.5883,0,
193,387681.7767,399634.6219,388181.7767,399134.6219,,1509.527462,1509.527462,250198.5882,0,
194,387681.7767,399134.6219,388181.7767,398634.6219,285.6363636,1161.217391,285.6363636,250198.5883,16539.416,Mixed Use
195,387681.7767,398634.6219,388181.7767,398134.6219,9289.73913,2835.819625,9289.73913,250198.5882,2246.562,Mixed Use
196,387681.7767,398134.6219,388181.7767,397634.6219,,3961.332471,3961.332471,250198.5882,0,
197,387681.7767,397634.6219,388181.7767,397134.6219,,5323.03364,5323.03364,250198.5883,3351.398,Mixed Use
198,387681.7767,397134.6219,388181.7767,396634.6219,,5944.495942,5944.495942,250198.5883,0,
199,387681.7767,396634.6219,388181.7767,396134.6219,20636.61905,3716.793561,20636.61905,250198.5882,0,
200,387681.7767,396134.6219,388181.7767,395634.6219,,3863.247835,3863.247835,250198.5882,6194.899,Mixed Use
201,387681.7767,395634.6219,388181.7767,395134.6219,,823.6704545,823.6704545,250198.5883,8347.616,Mixed Use
202,387681.7767,395134.6219,388181.7767,394634.6219,3056,89.79545455,3056,250198.5882,43079.98,Mixed Use
203,387681.7767,394634.6219,388181.7767,394134.6219,,4001.833333,4001.833333,250198.5882,69938.751,Mixed Use
204,387681.7767,394134.6219,388181.7767,393634.6219,8500,3979.177083,8500,250198.5882,73052.774,Mixed Use
205,388181.7767,402134.6219,388681.7767,401634.6219,,3878.175595,3878.175595,250198.6609,0,
206,388181.7767,401634.6219,388681.7767,401134.6219,,3878.175595,3878.175595,250198.6609,0,
207,388181.7767,401134.6219,388681.7767,400634.6219,,1768.8125,1768.8125,250198.6609,0,
208,388181.7767,400634.6219,388681.7767,400134.6219,6005,874.5625,6005,250198.6608,40339.791,Mixed Use
209,388181.7767,400134.6219,388681.7767,399634.6219,,1625.1875,1625.1875,250198.6609,3688.566,Mixed Use
210,388181.7767,399634.6219,388681.7767,399134.6219,,823.0795455,823.0795455,250198.6609,0,
211,388181.7767,399134.6219,388681.7767,398634.6219,,1196.921937,1196.921937,250198.6608,33640.253,Mixed Use
212,388181.7767,398634.6219,388681.7767,398134.6219,,1517.227492,1517.227492,250198.6609,23309.53,Mixed Use
213,388181.7767,398134.6219,388681.7767,397634.6219,546.4444444,1511.029891,546.4444444,250198.6609,6671.153,Mixed Use
214,388181.7767,397634.6219,388681.7767,397134.6219,,464.9513889,464.9513889,250198.6609,46684.028,Mixed Use
215,388181.7767,397134.6219,388681.7767,396634.6219,374.6666667,3519.389881,374.6666667,250198.6608,13504.487,Mixed Use
216,388181.7767,396634.6219,388681.7767,396134.6219,6736,2978.285714,6736,250198.6609,5981.216,Mixed Use
217,388181.7767,396134.6219,388681.7767,395634.6219,2815,3511.372835,2815,250198.6609,75264.363,Mixed Use
218,388181.7767,395634.6219,388681.7767,395134.6219,718.3636364,733.875,718.3636364,250198.6608,6588.621,Mixed Use
219,388181.7767,395134.6219,388681.7767,394634.6219,,471.7954545,471.7954545,250198.6609,0,
220,388181.7767,394634.6219,388681.7767,394134.6219,,1444.5,1444.5,250198.6609,17723.194,Mixed Use
221,388181.7767,394134.6219,388681.7767,393634.6219,,4001.833333,4001.833333,250198.6609,0,
222,388681.7767,402134.6219,389181.7767,401634.6219,12952.90476,0,12952.90476,250198.7304,0,
223,388681.7767,401634.6219,389181.7767,401134.6219,,1619.113095,1619.113095,250198.7304,0,
224,388681.7767,401134.6219,389181.7767,400634.6219,,750.625,750.625,250198.7304,0,
225,388681.7767,400634.6219,389181.7767,400134.6219,,1305.25,1305.25,250198.7305,0,
226,388681.7767,400134.6219,389181.7767,399634.6219,4437,750.625,4437,250198.7304,0,
227,388681.7767,399634.6219,389181.7767,399134.6219,,554.625,554.625,250198.7304,0,
228,388681.7767,399134.6219,389181.7767,398634.6219,,0,0,250198.7305,30011.809,Mixed Use
229,388681.7767,398634.6219,389181.7767,398134.6219,,320.3055556,320.3055556,250198.7304,8641.221,Mixed Use
230,388681.7767,398134.6219,389181.7767,397634.6219,2016,166.1180556,2016,250198.7304,24078.637,Mixed Use
231,388681.7767,397634.6219,389181.7767,397134.6219,782.5,396.1388889,782.5,250198.7304,44180.707,Mixed Use
232,388681.7767,397134.6219,389181.7767,396634.6219,,1015.645833,1015.645833,250198.7304,24456.439,Mixed Use
233,388681.7767,396634.6219,389181.7767,396134.6219,,1276.083333,1276.083333,250198.7304,105490.538,Mixed Use
234,388681.7767,396134.6219,389181.7767,395634.6219,,1290.045455,1290.045455,250198.7304,8204.327,Mixed Use
235,388681.7767,395634.6219,389181.7767,395134.6219,,448.0454545,448.0454545,250198.7304,0,
236,388681.7767,395134.6219,389181.7767,394634.6219,,89.79545455,89.79545455,250198.7304,0,
237,388681.7767,394634.6219,389181.7767,394134.6219,,0,0,250198.7304,0,
238,388681.7767,394134.6219,389181.7767,393634.6219,,1062.5,1062.5,250198.7304,0,
239,389181.7767,402134.6219,389681.7767,401634.6219,,1619.113095,1619.113095,250198.7969,0,
240,389181.7767,401634.6219,389681.7767,401134.6219,,1619.113095,1619.113095,250198.7969,0,
241,389181.7767,401134.6219,389681.7767,400634.6219,,0,0,250198.7969,0,
242,389181.7767,400634.6219,389681.7767,400134.6219,,554.625,554.625,250198.7969,0,
243,389181.7767,400134.6219,389681.7767,399634.6219,,554.625,554.625,250198.7969,1100.875,Mixed Use
244,389181.7767,399634.6219,389681.7767,399134.6219,,554.625,554.625,250198.7969,0,
245,389181.7767,399134.6219,389681.7767,398634.6219,,0,0,250198.7969,0,
246,389181.7767,398634.6219,389681.7767,398134.6219,,252,252,250198.7969,0,
247,389181.7767,398134.6219,389681.7767,397634.6219,,2456.642045,2456.642045,250198.7969,658.387,Mixed Use
248,389181.7767,397634.6219,389681.7767,397134.6219,,2485.642045,2485.642045,250198.7969,95823.274,Mixed Use
249,389181.7767,397134.6219,389681.7767,396634.6219,232,2204.642045,232,250198.7969,120238.954,Mixed Use
250,389181.7767,396634.6219,389681.7767,396134.6219,,35.375,35.375,250198.7969,4913.094,Mixed Use
251,389181.7767,396134.6219,389681.7767,395634.6219,51,0,51,250198.7968,7806.2,Mixed Use
252,389181.7767,395634.6219,389681.7767,395134.6219,,6.375,6.375,250198.7969,69895.199,Mixed Use
253,389181.7767,395134.6219,389681.7767,394634.6219,,0,0,250198.7969,31175.82,Mixed Use
254,389181.7767,394634.6219,389681.7767,394134.6219,,0,0,250198.7969,493.479,Mixed Use
255,389181.7767,394134.6219,389681.7767,393634.6219,,0,0,250198.7969,1015.931,Mixed Use
256,389681.7767,402134.6219,390181.7767,401634.6219,,1619.113095,1619.113095,250198.8602,5065.368,Mixed Use
257,389681.7767,401634.6219,390181.7767,401134.6219,,1619.113095,1619.113095,250198.8603,7944.971,Mixed Use
258,389681.7767,401134.6219,390181.7767,400634.6219,,0,0,250198.8603,0,
259,389681.7767,400634.6219,390181.7767,400134.6219,,0,0,250198.8603,0,
260,389681.7767,400134.6219,390181.7767,399634.6219,,0,0,250198.8603,0,
261,389681.7767,399634.6219,390181.7767,399134.6219,,0,0,250198.8603,0,
262,389681.7767,399134.6219,390181.7767,398634.6219,,0,0,250198.8603,0,
263,389681.7767,398634.6219,390181.7767,398134.6219,,2106.829545,2106.829545,250198.8603,0,
264,389681.7767,398134.6219,390181.7767,397634.6219,,2456.642045,2456.642045,250198.8603,9368.012,Mixed Use
265,389681.7767,397634.6219,390181.7767,397134.6219,16854.63636,281,16854.63636,250198.8603,43229.663,Mixed Use
266,389681.7767,397134.6219,390181.7767,396634.6219,,2142.204545,2142.204545,250198.8603,22707.372,Mixed Use
267,389681.7767,396634.6219,390181.7767,396134.6219,,35.375,35.375,250198.8603,0,
268,389681.7767,396134.6219,390181.7767,395634.6219,,35.375,35.375,250198.8603,0,
269,389681.7767,395634.6219,390181.7767,395134.6219,,6.375,6.375,250198.8603,16456.698,Mixed Use
270,389681.7767,395134.6219,390181.7767,394634.6219,,0,0,250198.8603,28457.198,Mixed Use
271,389681.7767,394634.6219,390181.7767,394134.6219,,0,0,250198.8603,9745.753,Mixed Use
272,389681.7767,394134.6219,390181.7767,393634.6219,,0,0,250198.8603,0,